Country,"Density
(P/Km2)",Abbreviation,Agricultural Land( %),Land Area(Km2),Armed Forces size,Birth Rate,Calling Code,Capital/Major City,Co2-Emissions,CPI,CPI Change (%),Currency-Code,Fertility Rate,Forested Area (%),Gasoline Price,GDP,Gross primary education enrollment (%),Gross tertiary education enrollment (%),Infant mortality,Largest city,Life expectancy,Maternal mortality ratio,Minimum wage,Official language,Out of pocket health expenditure,Physicians per thousand,Population,Population: Labor force participation (%),Tax revenue (%),Total tax rate,Unemployment rate,Urban_population,Latitude,Longitude,GDP Per Capita,Continent
Afghanistan,60,AF,58.10%,652230,323000.00,32.49,93,Kabul,"8,672",149.9,2.30%,AFN,4.47,2.10%,$0.70,19101353833.00,104.00%,9.70%,47.9,Kabul,64.5,638,$0.43,Pashto,78.40%,0.28,38041754.00,48.90%,9.30%,71.40%,11.12%,"9,797,273",33.93911,67.709953,502.12,Asia
Albania,105,AL,43.10%,28748,9000.00,11.78,355,Tirana,"4,536",119.05,1.40%,ALL,1.62,28.10%,$1.36,15278077447.00,107.00%,55.00%,7.8,Tirana,78.5,15,$1.12,Albanian,56.90%,1.2,2854191.00,55.70%,18.60%,36.60%,12.33%,"1,747,593",41.153332,20.168331,5352.86,Europe
Algeria,18,DZ,17.40%,2381741,317000.00,24.28,213,Algiers,"150,006",151.36,2.00%,DZD,3.02,0.80%,$0.28,169988236398.00,109.90%,51.40%,20.1,Algiers,76.7,112,$0.95,Arabic,28.10%,1.72,43053054.00,41.20%,37.20%,66.10%,11.70%,"31,510,100",28.033886,1.659626,3948.34,Africa
Angola,26,AO,47.50%,1246700,117000.00,40.73,244,Luanda,"34,693",261.73,17.10%,AOA,5.52,46.30%,$0.97,94635415870.00,113.50%,9.30%,51.6,Luanda,60.8,241,$0.71,Portuguese,33.40%,0.21,31825295.00,77.50%,9.20%,49.10%,6.89%,"21,061,025",-11.202692,17.873887,2973.59,Africa
Argentina,17,AR,54.30%,2780400,105000.00,17.02,54,Buenos Aires,"201,348",232.75,53.50%,ARS,2.26,9.80%,$1.10,449663446954.00,109.70%,90.00%,8.8,Buenos Aires,76.5,39,$3.35,Spanish,17.60%,3.96,44938712.00,61.30%,10.10%,106.30%,9.79%,"41,339,571",-38.416097,-63.616672,10006.15,South America
Armenia,104,AM,58.90%,29743,49000.00,13.99,374,Yerevan,"5,156",129.18,1.40%,AMD,1.76,11.70%,$0.77,13672802158.00,92.70%,54.60%,11,Yerevan,74.9,26,$0.66,Armenian,81.60%,4.4,2957731.00,55.60%,20.90%,22.60%,16.99%,"1,869,848",40.069099,45.038189,4622.73,Europe
Australia,3,AU,48.20%,7741220,58000.00,12.6,61,Canberra,"375,908",119.8,1.60%,AUD,1.74,16.30%,$0.93,1392680589329.00,100.30%,113.10%,3.1,Sydney,82.7,6,$13.59,None,19.60%,3.68,25766605.00,65.50%,23.00%,47.40%,5.27%,"21,844,756",-25.274398,133.775136,54049.83,Oceania
Azerbaijan,123,AZ,57.70%,86600,82000.00,14,994,Baku,"37,620",156.32,2.60%,AZN,1.73,14.10%,$0.56,39207000000.00,99.70%,27.70%,19.2,Baku,72.9,26,$0.47,Azerbaijani language,78.60%,3.45,10023318.00,66.50%,13.00%,40.70%,5.51%,"5,616,165",40.143105,47.576927,3911.58,Asia
Bangladesh,"1,265",BD,70.60%,148460,221000.00,18.18,880,Dhaka,"84,246",179.68,5.60%,BDT,2.04,11.00%,$1.12,302571254131.00,116.50%,20.60%,25.1,Dhaka,72.3,173,$0.51,Bengali,71.80%,0.58,167310838.00,59.00%,8.80%,33.40%,4.19%,"60,987,417",23.684994,90.356331,1808.44,Asia
Barbados,668,BB,23.30%,430,1000.00,10.65,1,Bridgetown,"1,276",134.09,4.10%,BBD,1.62,14.70%,$1.81,5209000000.00,99.40%,65.40%,11.3,Bridgetown,79.1,27,$3.13,English,45.20%,2.48,287025.00,65.20%,27.50%,35.60%,10.33%,"89,431",13.193887,-59.543198,18148.24,North America
Belgium,383,BE,44.60%,30528,32000.00,10.3,32,City of Brussels,"96,889",117.11,1.40%,EUR,1.62,22.60%,$1.43,529606710418.00,103.90%,79.70%,2.9,Brussels,81.6,5,$10.31,French,17.60%,3.07,11484055.00,53.60%,24.00%,55.40%,5.59%,"11,259,082",50.503887,4.469936,46116.70,Europe
Belize,17,BZ,7.00%,22966,2000.00,20.79,501,Belmopan,568,105.68,-0.90%,BZD,2.31,59.70%,$1.13,1879613600.00,111.70%,24.70%,11.2,Belize City,74.5,36,$1.65,English,22.70%,1.12,390353.00,65.10%,26.30%,31.10%,6.41%,"179,039",17.189877,-88.49765,4815.16,North America
Benin,108,BJ,33.30%,112622,12000.00,36.22,229,Porto-Novo,"6,476",110.71,-0.90%,XOF,4.84,37.80%,$0.72,14390709095.00,122.00%,12.30%,60.5,Cotonou,61.5,397,$0.39,French,40.50%,0.08,11801151.00,70.90%,10.80%,48.90%,2.23%,"5,648,149",9.30769,2.315834,1219.43,Africa
Botswana,4,BW,45.60%,581730,9000.00,24.82,267,Gaborone,"6,340",149.75,2.80%,BWP,2.87,18.90%,$0.71,18340510789.00,103.20%,24.90%,30,Gaborone,69.3,144,$0.29,English,5.30%,0.37,2346179.00,70.80%,19.50%,25.10%,18.19%,"1,616,550",-22.328474,24.684866,7817.18,Africa
Brazil,25,BR,33.90%,8515770,730000.00,13.92,55,Bras���,"462,299",167.4,3.70%,BRL,1.73,58.90%,$1.02,1839758040766.00,115.40%,51.30%,12.8,S����,75.7,60,$1.53,Portuguese,28.30%,2.15,212559417.00,63.90%,14.20%,65.10%,12.08%,"183,241,641",-14.235004,-51.92528,8655.26,South America
Bulgaria,64,BG,46.30%,110879,31000.00,8.9,359,Sofia,"41,708",114.42,3.10%,BGN,1.56,35.40%,$1.11,86000000000.00,89.30%,71.00%,5.9,Sofia,74.9,10,$1.57,Bulgarian,47.70%,4.03,6975761.00,55.40%,20.20%,28.30%,4.34%,"5,256,027",42.733883,25.48583,12328.40,Europe
Burkina Faso,76,BF,44.20%,274200,11000.00,37.93,226,Ouagadougou,"3,418",106.58,-3.20%,XOF,5.19,19.30%,$0.98,15745810235.00,96.10%,6.50%,49,Ouagadougou,61.2,320,$0.34,French,36.10%,0.08,20321378.00,66.40%,15.00%,41.30%,6.26%,"6,092,349",12.238333,-1.561593,774.84,Africa
Ivory Coast,83,CI,64.80%,322463,27000.00,35.74,225,Yamoussoukro,"9,674",111.61,-0.90%,XOF,4.65,32.70%,$0.93,58792205642.00,99.80%,9.30%,59.4,Abidjan,57.4,617,$0.36,French,36.00%,0.23,25716544.00,57.00%,11.80%,50.10%,3.32%,"13,176,900",7.539989,-5.54708,2286.16,Africa
Cape Verde,138,CV,19.60%,4033,1000.00,19.49,238,Praia,543,110.5,1.10%,CVE,2.27,22.50%,$1.02,1981845741.00,104.00%,23.60%,16.7,Praia,72.8,58,$0.68,Portuguese,23.20%,0.77,483628.00,60.50%,20.10%,37.50%,12.25%,"364,029",16.5388,-23.0418,4097.87,Africa
Cameroon,56,CM,20.60%,475440,24000.00,35.39,237,Yaound�,"8,291",118.65,2.50%,XAF,4.57,39.30%,$1.03,38760467033.00,103.40%,12.80%,50.6,Douala,58.9,529,$0.35,French,69.70%,0.09,25876380.00,76.10%,12.80%,57.70%,3.38%,"14,741,256",7.369722,12.354722,1497.91,Africa
Canada,4,CA,6.90%,9984670,72000.00,10.1,1,Ottawa,"544,894",116.76,1.90%,CAD,1.5,38.20%,$0.81,1736425629520.00,100.90%,68.90%,4.3,Toronto,81.9,10,$9.51,French,14.60%,2.61,36991981.00,65.10%,12.80%,24.50%,5.56%,"30,628,482",56.130366,-106.346771,46940.60,North America
Chile,26,CL,21.20%,756096,122000.00,12.43,56,Santiago,"85,822",131.91,2.60%,CLP,1.65,24.30%,$1.03,282318159745.00,101.40%,88.50%,6.2,Santiago,80,13,$2.00,Spanish,32.20%,2.59,18952038.00,62.60%,18.20%,34.00%,7.09%,"16,610,135",-35.675147,-71.542969,14896.45,South America
China,153,CN,56.20%,9596960,2695000.00,10.9,86,Beijing,"9,893,038",125.08,2.90%,CNY,1.69,22.40%,$0.96,19910000000000.00,100.20%,50.60%,7.4,Shanghai,77,29,$0.87,Standard Chinese,32.40%,1.98,1397715000.00,68.00%,9.40%,59.20%,4.32%,"842,933,962",35.86166,104.195397,14244.68,Asia
Colombia,46,CO,40.30%,1138910,481000.00,14.88,57,Bogot�,"97,814",140.95,3.50%,COP,1.81,52.70%,$0.68,323802808108.00,114.50%,55.30%,12.2,Bogot�,77.1,83,$1.23,Spanish,18.30%,2.18,50339443.00,68.80%,14.40%,71.20%,9.71%,"40,827,302",4.570868,-74.297333,6432.39,Asia
Costa Rica,100,CR,34.50%,51100,10000.00,13.97,506,San Jos������,"8,023",128.85,2.10%,CRC,1.75,54.60%,$0.98,61773944174.00,113.30%,55.20%,7.6,San Jos������,80.1,27,$1.84,Spanish,21.50%,2.89,5047561.00,62.10%,13.60%,58.30%,11.85%,"4,041,885",9.748917,-83.753428,12238.37,North America
Croatia,73,HR,27.60%,56594,18000.00,9,385,Zagreb,"17,488",109.82,0.80%,HRK,1.47,34.40%,$1.26,60415553039.00,96.50%,67.90%,4,Zagreb,78.1,8,$2.92,Croatian,15.20%,3,4067500.00,51.20%,22.00%,20.50%,6.93%,"2,328,318",45.1,15.2,14853.24,Europe
Czech Republic,139,CZ,45.20%,78867,23000.00,10.7,420,Prague,"102,218",116.48,2.80%,CZK,1.69,34.60%,$1.17,246489245495.00,100.70%,64.10%,2.7,Prague,79,3,$3.00,Czech,14.80%,4.12,10669709.00,60.60%,14.90%,46.10%,1.93%,"7,887,156",49.817492,15.472962,23101.78,Europe
Democratic Republic of the Congo,40,CD,11.60%,2344858,134000.00,41.18,243,Kinshasa,"2,021",133.85,2.90%,CDF,5.92,67.20%,$1.49,47319624204.00,108.00%,6.60%,68.2,Kinshasa,60.4,473,$0.18,French,37.40%,0.07,86790567.00,63.50%,10.70%,50.70%,4.24%,"39,095,679",-4.038333,21.758664,545.22,Africa
Dominican Republic,225,DO,48.70%,48670,71000.00,19.51,1,Santo Domingo,"25,258",135.5,1.80%,DOP,2.35,41.70%,$1.07,88941298258.00,105.70%,59.90%,24.1,Santo Domingo,73.9,95,$0.40,Spanish,43.70%,1.56,10738958.00,64.30%,13.00%,48.80%,5.84%,"8,787,475",18.735693,-70.162651,8282.12,North America
Estonia,31,EE,23.10%,45228,6000.00,10.9,372,Tallinn,"16,590",122.14,2.30%,EUR,1.59,51.30%,$1.14,31386949981.00,97.20%,69.60%,2.1,Tallinn,78.2,9,$3.14,Estonian,22.80%,4.48,1331824.00,63.60%,20.90%,47.80%,5.11%,"916,024",58.595272,25.013607,23566.89,Europe
Fiji,49,FJ,23.30%,18274,4000.00,21.28,679,Suva,"2,046",132.3,1.80%,FJD,2.77,55.90%,$0.82,5535548972.00,106.40%,16.10%,21.6,Suva,67.3,34,$1.28,Fiji Hindi,21.40%,0.84,889953.00,57.60%,24.20%,32.10%,4.10%,"505,048",-17.713371,178.065032,6220.05,Oceania
France,119,FR,52.40%,643801,307000.00,11.3,33,Paris,"303,276",110.05,1.10%,EUR,1.88,31.20%,$1.39,2715518274227.00,102.50%,65.60%,3.4,Paris,82.5,8,$11.16,French,6.80%,3.27,67059887.00,55.10%,24.20%,60.70%,8.43%,"54,123,364",46.227638,2.213749,40493.93,Europe
Gabon,9,GA,20.00%,267667,7000.00,31.61,241,Libreville,"5,321",122.19,2.10%,XAF,3.97,90.00%,$0.92,16657960228.00,139.90%,8.30%,32.7,Libreville,66.2,252,$1.46,French,25.90%,0.68,2172579.00,52.90%,10.20%,47.10%,20.00%,"1,949,694",-0.803689,11.609444,7667.37,Africa
The Gambia,239,GM,59.80%,11300,1000.00,38.54,220,Banjul,532,172.73,7.10%,GMD,5.22,48.40%,$1.18,1763819048.00,98.00%,2.70%,39,Serekunda,61.7,597,$0.13,English,20.30%,0.1,2347706.00,59.40%,9.40%,48.40%,9.06%,"1,453,958",13.443182,-15.310139,751.29,Africa
Georgia,57,GE,34.50%,69700,26000.00,13.47,995,Tbilisi,"10,128",133.61,4.90%,GEL,2.06,40.60%,$0.76,17743195770.00,98.60%,63.90%,8.7,Tbilisi,73.6,25,$0.05,Georgian,57.30%,7.12,3720382.00,68.30%,21.70%,9.90%,14.40%,"2,196,476",42.315407,43.356892,4769.19,Europe
Germany,240,DE,47.70%,357022,180000.00,9.5,49,Berlin,"727,973",112.85,1.40%,EUR,1.56,32.70%,$1.39,3845630030824.00,104.00%,70.20%,3.1,Berlin,80.9,7,$9.99,German,12.50%,4.25,83132799.00,60.80%,11.50%,48.80%,3.04%,"64,324,835",51.165691,10.451526,46258.88,Europe
Ghana,137,GH,69.00%,238533,16000.00,29.41,233,Accra,"16,670",268.36,7.20%,GHS,3.87,41.20%,$0.92,66983634224.00,104.80%,15.70%,34.9,Accra,63.8,308,$0.27,English,36.10%,0.14,30792608.00,67.80%,12.60%,55.40%,4.33%,"17,249,054",7.946527,-1.023194,2175.32,Africa
Greece,81,GR,47.60%,131957,146000.00,8.1,30,Athens,"62,434",101.87,0.20%,EUR,1.35,31.70%,$1.54,209852761469.00,99.60%,136.60%,3.6,Macedonia,81.3,3,$4.46,Greek,35.50%,5.48,10716322.00,51.80%,26.20%,51.90%,17.24%,"8,507,474",39.074208,21.824312,19582.54,Europe
Guatemala,167,GT,36.00%,108889,43000.00,24.56,502,Guatemala City,"16,777",142.92,3.70%,GTQ,2.87,32.70%,$0.79,76710385880.00,101.90%,21.80%,22.1,Guatemala City,74.1,95,$1.60,Spanish,55.80%,0.35,16604026.00,62.30%,10.60%,35.20%,2.46%,"8,540,945",15.783471,-90.230759,4619.99,North America
Honduras,89,HN,28.90%,112090,23000.00,21.6,504,Tegucigalpa,"9,813",150.34,4.40%,HNL,2.46,40.00%,$0.98,25095395475.00,91.50%,26.20%,15.1,Tegucigalpa,75.1,65,$1.01,Spanish,49.10%,0.31,9746117.00,68.80%,17.30%,39.10%,5.39%,"5,626,433",15.199999,-86.241905,2574.91,South America
Hungary,107,HU,58.40%,93028,40000.00,9.6,36,Budapest,"45,537",121.64,3.30%,HUF,1.54,22.90%,$1.18,160967157504.00,100.80%,48.50%,3.6,Budapest,75.8,12,$2.62,Hungarian,29.00%,3.41,9769949.00,56.50%,23.00%,37.90%,3.40%,"6,999,582",47.162494,19.503304,16475.74,Europe
India,464,IN,60.40%,3287263,3031000.00,17.86,91,New Delhi,"2,407,672",180.44,7.70%,INR,2.22,23.80%,$0.97,2611000000000.00,113.00%,28.10%,29.9,Kurebhar,69.4,145,$0.30,Hindi,65.10%,0.86,1366417754.00,49.30%,11.20%,49.70%,5.36%,"471,031,528",20.593684,78.96288,1910.84,Asia
Indonesia,151,ID,31.50%,1904569,676000.00,18.07,62,Jakarta,"563,325",151.18,3.00%,IDR,2.31,49.90%,$0.63,1119190780753.00,106.40%,36.30%,21.1,Kalimantan,71.5,177,$0.48,Indonesian,48.30%,0.43,270203917.00,67.50%,10.20%,30.10%,4.69%,"151,509,724",-0.789275,113.921327,4142.02,Asia
Iran,52,IR,28.20%,1648195,563000.00,18.78,98,Tehran,"661,710",550.93,39.90%,IRR,2.14,6.60%,$0.40,445345282123.00,110.70%,68.10%,12.4,Tehran,76.5,16,$1.58,Persian,39.70%,1.58,82913906.00,44.70%,7.40%,44.70%,11.38%,"62,509,623",32.427908,53.688046,5371.18,Asia
Iraq,93,IQ,21.40%,438317,209000.00,29.08,964,Baghdad,"190,061",119.86,0.40%,IQD,3.67,1.90%,$0.61,234094042939.00,108.70%,16.20%,22.5,Baghdad,70.5,79,$1.24,Arabic,76.50%,0.71,39309783.00,43.00%,2.00%,30.80%,12.82%,"27,783,368",33.223191,43.679291,5955.11,Asia
Israel,400,IL,24.60%,20770,178000.00,20.8,972,Jerusalem,"65,166",108.15,0.80%,ILS,3.09,7.70%,$1.57,395098666122.00,104.90%,63.40%,3,Jerusalem,82.8,3,$7.58,Hebrew,24.40%,4.62,9053300.00,64.00%,23.10%,25.30%,3.86%,"8,374,393",31.046051,34.851612,43641.40,Asia
Jamaica,273,JM,41.00%,10991,4000.00,16.1,1876,"Kingston, Jamaica","8,225",162.47,3.90%,JMD,1.98,30.90%,$1.11,16458071068.00,91.00%,27.10%,12.4,"Kingston, Jamaica",74.4,80,$1.33,Jamaican English,23.70%,1.31,2948279.00,66.00%,26.80%,35.10%,8.00%,"1,650,594",18.109581,-77.297508,5582.26,North America
Jordan,115,JO,12.00%,89342,116000.00,21.98,962,Amman,"25,108",125.6,0.80%,JOD,2.76,1.10%,$1.10,43743661972.00,81.50%,34.40%,13.9,Amman,74.4,46,$1.49,Arabic,25.10%,2.32,10101694.00,39.30%,15.10%,28.60%,14.72%,"9,213,048",30.585164,36.238414,4330.33,Asia
Kazakhstan,7,KZ,80.40%,2724900,71000.00,21.77,7,Astana,"247,207",182.75,5.20%,KZT,2.84,1.20%,$0.42,180161741180.00,104.40%,61.70%,8.8,Almaty,73.2,10,$0.41,Russian,38.80%,3.25,18513930.00,68.80%,11.70%,28.40%,4.59%,"10,652,915",48.019573,66.923684,9731.15,Asia
Kenya,94,KE,48.50%,580367,29000.00,28.75,254,Nairobi,"17,910",180.51,4.70%,KES,3.49,7.80%,$0.95,95503088538.00,103.20%,11.50%,30.6,Nairobi,66.3,342,$0.25,Swahili,33.40%,0.16,52573973.00,74.70%,15.10%,37.20%,2.64%,"14,461,523",-0.023559,37.906193,1816.55,Africa
Kuwait,240,KW,8.40%,17818,25000.00,13.94,965,Kuwait City,"98,734",126.6,1.10%,KWD,2.08,0.40%,$0.35,134761198946.00,92.40%,54.40%,6.7,Kuwait City,75.4,12,$0.95,Modern Standard Arabic,14.40%,2.58,4207083.00,73.50%,1.40%,13.00%,2.18%,"4,207,083",29.31166,47.481766,32031.98,Asia
Kyrgyzstan,34,KG,55.00%,199951,21000.00,27.1,996,Bishkek,"9,787",155.68,1.10%,KGS,3.3,3.30%,$0.56,8454619608.00,107.60%,41.30%,16.9,Bishkek,71.4,60,$0.09,Russian,48.20%,1.88,6456900.00,59.80%,18.00%,29.00%,6.33%,"2,362,644",41.20438,74.766098,1309.39,Asia
Laos,32,LA,10.30%,236800,129000.00,23.55,856,Vientiane,"17,763",135.87,3.30%,LAK,2.67,82.10%,$0.93,18173839128.00,102.40%,15.00%,37.6,Vientiane,67.6,185,$0.83,Lao,45.40%,0.37,7169455.00,78.50%,12.90%,24.10%,0.63%,"2,555,552",19.85627,102.495496,2534.90,Asia
Latvia,30,LV,31.10%,64589,6000.00,10,371,Riga,"7,004",116.86,2.80%,EUR,1.6,54.00%,$1.16,34117202555.00,99.40%,88.10%,3.3,Riga,74.7,19,$2.80,Latvian,41.60%,3.19,1912789.00,61.40%,22.90%,38.10%,6.52%,"1,304,943",56.879635,24.603189,17836.36,Europe
Lebanon,667,LB,64.30%,10400,80000.00,17.55,961,Beirut,"24,796",130.02,3.00%,LBP,2.09,13.40%,$0.74,53367042272.00,95.10%,26.30%,6.4,"Tripoli, Lebanon",78.9,29,$2.15,Arabic,32.10%,2.1,6855713.00,47.00%,15.30%,32.20%,6.23%,"6,084,994",33.854721,35.862285,7784.32,Asia
Lithuania,43,LT,47.20%,65300,34000.00,10,370,Vilnius,"12,963",118.38,2.30%,EUR,1.63,34.80%,$1.16,54219315600.00,103.90%,72.40%,3.3,Vilnius,75.7,8,$2.41,Lithuanian,32.10%,6.35,2786844.00,61.60%,16.90%,42.60%,6.35%,"1,891,013",55.169438,23.881275,19455.45,Europe
Luxembourg,242,LU,53.70%,2586,2000.00,10.3,352,Luxembourg City,"8,988",115.09,1.70%,EUR,1.37,35.70%,$1.19,71104919108.00,102.30%,19.20%,1.9,Luxembourg City,82.1,5,$13.05,Luxembourgish,10.60%,3.01,645397.00,59.30%,26.50%,20.40%,5.36%,"565,488",49.815273,6.129583,110172.37,Europe
Madagascar,48,MG,71.20%,587041,22000.00,32.66,261,Antananarivo,"3,905",184.33,5.60%,MGA,4.08,21.40%,$1.11,14083906357.00,142.50%,5.40%,38.2,Antananarivo,66.7,335,$0.21,French,21.70%,0.18,26969307.00,86.10%,10.20%,38.30%,1.76%,"10,210,849",-18.766947,46.869107,522.22,Africa
Malawi,203,MW,61.40%,118484,15000.00,34.12,265,Lilongwe,"1,298",418.34,9.40%,MWK,4.21,33.20%,$1.15,7666704427.00,142.50%,0.80%,35.3,Lilongwe,63.8,349,$0.12,English,11.00%,0.04,18628747.00,76.70%,17.30%,34.50%,5.65%,"3,199,301",-13.254308,34.301525,411.55,Africa
Malaysia,99,MY,26.30%,329847,136000.00,16.75,60,Kuala Lumpur,"248,289",121.46,0.70%,MYR,2,67.60%,$0.45,364701517788.00,105.30%,45.10%,6.7,Johor Bahru,76,29,$0.93,Malaysian language,36.70%,1.51,32447385.00,64.30%,12.00%,38.70%,3.32%,"24,475,766",4.210484,101.975766,11239.78,Asia
Mali,17,ML,33.80%,1240192,18000.00,41.54,223,Bamako,"3,179",108.73,-1.70%,XOF,5.88,3.80%,$1.12,17510141171.00,75.60%,4.50%,62,Bamako,58.9,562,$0.23,French,46.30%,0.13,19658031.00,70.80%,11.60%,54.50%,7.22%,"8,479,688",17.570692,-3.996166,890.74,Africa
Malta,"1,380",MT,32.40%,316,2000.00,9.2,356,Valletta,"1,342",113.45,1.60%,EUR,1.23,1.10%,$1.36,14786156563.00,105.00%,54.30%,6.1,Birkirkara,82.3,6,$5.07,Maltese,37.10%,2.86,502653.00,56.50%,26.20%,44.00%,3.47%,"475,902",35.937496,14.375416,29416.23,Europe
Mauritius,626,MU,42.40%,2040,3000.00,10.2,230,Port Louis,"4,349",129.91,0.40%,MUR,1.41,19.00%,$1.12,14180444557.00,101.10%,40.60%,13.6,Port Louis,74.4,61,$0.38,French,50.70%,2.53,1265711.00,58.30%,19.10%,22.20%,6.67%,"515,980",-20.348404,57.552152,11203.54,Africa
Mexico,66,MX,54.60%,1964375,336000.00,17.6,52,Mexico City,"486,406",141.54,3.60%,MXN,2.13,33.90%,$0.73,1258286717125.00,105.80%,40.20%,11,Mexico City,75,33,$0.49,None,41.40%,2.38,126014024.00,60.70%,13.10%,55.10%,3.42%,"102,626,859",23.634501,-102.552784,9985.29,North America
Moldova,123,MD,74.20%,33851,7000.00,10.1,373,Chi����,"5,115",166.2,4.80%,MDL,1.26,12.60%,$0.80,11955435457.00,90.60%,39.80%,13.6,Chi����,71.8,19,$0.31,Romanian,46.20%,3.21,2657637.00,43.10%,17.70%,38.70%,5.47%,"1,135,502",47.411631,28.369885,4498.52,Europe
Mongolia,2,MN,71.50%,1564116,18000.00,24.13,976,Ulaanbaatar,"25,368",195.76,7.30%,MNT,2.9,8.00%,$0.72,13852850259.00,104.00%,65.60%,14,Ulaanbaatar,69.7,45,$0.65,Mongolian,39.30%,2.86,3225167.00,59.70%,16.80%,25.70%,6.01%,"2,210,626",46.862496,103.846656,4295.24,Asia
Morocco,83,MA,68.50%,446550,246000.00,18.94,212,Rabat,"61,276",111.07,0.20%,MAD,2.42,12.60%,$0.99,118725279596.00,113.90%,35.90%,19.2,Casablanca,76.5,70,$1.60,Arabic,53.10%,0.73,36910560.00,45.30%,21.90%,45.80%,9.02%,"22,975,026",31.791702,-7.09262,3216.57,Africa
Mozambique,40,MZ,63.50%,799380,11000.00,37.52,258,Maputo,"7,943",182.31,2.80%,MZN,4.85,48.00%,$0.65,14934159926.00,112.60%,7.30%,54,Maputo,60.2,289,$0.27,Portuguese,6.80%,0.08,30366036.00,78.10%,0.00%,36.10%,3.24%,"11,092,106",-18.665695,35.529562,491.80,Africa
Myanmar,83,MM,19.50%,676578,513000.00,17.55,95,Naypyidaw,"25,280",168.18,8.80%,MMK,2.15,43.60%,$0.54,76085852617.00,112.30%,18.80%,36.8,Yangon,66.9,250,$0.39,Burmese,73.90%,0.68,54045420.00,61.70%,5.40%,31.20%,1.58%,"16,674,093",21.916221,95.955974,1407.81,Asia
Nepal,203,NP,28.70%,147181,112000.00,19.89,977,Kathmandu,"9,105",188.73,5.60%,NPR,1.92,25.40%,$0.91,30641380604.00,142.10%,12.40%,26.7,Kathmandu,70.5,186,$0.36,Nepali,60.40%,0.75,28608710.00,83.80%,20.70%,41.80%,1.41%,"5,765,513",28.394857,84.124008,1071.05,Asia
New Zealand,18,NZ,40.50%,268838,9000.00,11.98,64,Wellington,"34,382",114.24,1.60%,NZD,1.71,38.60%,$1.40,206928765544.00,100.00%,82.00%,4.7,Auckland,81.9,9,$11.49,English,12.60%,3.59,4841000.00,69.90%,29.00%,34.60%,4.07%,"4,258,860",-40.900557,174.885971,42745.05,Oceania
Nicaragua,55,NI,42.10%,130370,12000.00,20.64,505,Managua,"5,592",162.74,5.40%,NIO,2.4,25.90%,$0.91,12520915291.00,120.60%,17.40%,15.7,Managua,74.3,98,$0.54,Spanish,36.00%,0.98,6545502.00,66.40%,15.60%,60.60%,6.84%,"3,846,137",12.865416,-85.207229,1912.90,North America
Niger,19,NE,36.10%,1267000,10000.00,46.08,227,Niamey,"2,017",109.32,-2.50%,XOF,6.91,0.90%,$0.88,12928145120.00,74.70%,4.40%,48,Niamey,62,509,$0.29,French,52.30%,0.04,23310715.00,72.00%,11.80%,47.20%,0.47%,"3,850,231",17.607789,8.081666,554.60,Africa
Nigeria,226,NG,77.70%,923768,215000.00,37.91,234,Abuja,"120,369",267.51,11.40%,NGN,5.39,7.20%,$0.46,448120428859.00,84.70%,10.20%,75.7,Lagos,54.3,917,$0.54,English,72.20%,0.38,200963599.00,52.90%,1.50%,34.80%,8.10%,"102,806,948",9.081999,8.675277,2229.86,Africa
Oman,16,OM,4.60%,309500,47000.00,19.19,968,Muscat,"63,457",113.53,0.10%,OMR,2.89,0.00%,$0.45,76983094928.00,103.40%,38.00%,9.8,Seeb,77.6,19,$4.33,Arabic,6.40%,2,5266535.00,72.40%,2.50%,27.40%,2.67%,"4,250,777",21.4735329,55.975413,14617.41,Asia
Pakistan,287,PK,47.80%,796095,936000.00,28.25,92,Islamabad,"201,150",182.32,10.60%,PKR,3.51,1.90%,$0.79,304400000000.00,94.30%,9.00%,57.2,Karachi,67.1,140,$0.69,Urdu,66.50%,0.98,216565318.00,52.60%,9.20%,33.90%,4.45%,"79,927,762",30.375321,69.345116,1405.58,Asia
Papua New Guinea,20,PG,2.60%,462840,4000.00,27.07,675,Port Moresby,"7,536",155.99,3.60%,PGK,3.56,74.10%,$1.36,24969611435.00,108.50%,1.80%,38,Port Moresby,64.3,145,$1.16,Tok Pisin,5.80%,0.07,8776109.00,47.20%,13.60%,37.10%,2.46%,"1,162,834",-6.314993,143.95555,2845.18,Oceania
Paraguay,18,PY,55.10%,406752,27000.00,20.57,595,Asunci��,"7,407",143.82,2.80%,PYG,2.43,37.70%,$1.04,38145288940.00,104.40%,34.60%,17.2,Ciudad del Este,74.1,129,$1.55,Spanish,36.50%,1.35,7044636.00,72.10%,10.00%,35.00%,4.81%,"4,359,150",-23.442503,-58.443832,5414.80,South America
Peru,26,PE,18.50%,1285216,158000.00,17.95,51,Lima,"57,414",129.78,2.10%,PEN,2.25,57.70%,$0.99,226848050820.00,106.90%,70.70%,11.1,Lima,76.5,88,$1.28,Spanish,30.90%,1.27,32510453.00,77.60%,14.30%,36.80%,3.31%,"25,390,339",-9.189967,-75.015152,6977.70,South America
Philippines,368,PH,41.70%,300000,153000.00,20.55,63,Manila,"122,287",129.61,2.50%,PHP,2.58,27.80%,$0.86,376795508680.00,107.50%,35.50%,22.5,Manila,71.1,121,$1.12,English,53.50%,0.6,108116615.00,59.60%,14.00%,43.10%,2.15%,"50,975,903",12.879721,121.774017,3485.08,Asia
Poland,124,PL,46.90%,312685,191000.00,10.2,48,Warsaw,"299,037",114.11,2.20%,PLN,1.46,30.90%,$1.07,592164400688.00,100.00%,67.80%,3.8,Warsaw,77.6,2,$2.93,Polish,23.20%,2.38,37970874.00,56.70%,17.40%,40.80%,3.47%,"22,796,574",51.919438,19.145136,15595.23,Europe
Portugal,111,PT,39.50%,92212,52000.00,8.5,351,Lisbon,"48,742",110.62,0.30%,EUR,1.38,34.60%,$1.54,237686075635.00,106.20%,63.90%,3.1,Lisbon,81.3,8,$3.78,Portuguese,27.70%,5.12,10269417.00,58.80%,22.80%,39.80%,6.33%,"6,753,579",39.399872,-8.224454,23145.04,Europe
Romania,84,RO,58.80%,238391,126000.00,9.6,40,Bucharest,"69,259",123.78,3.80%,RON,1.71,30.10%,$1.16,250077444017.00,85.20%,49.40%,6.1,Bucharest,75.4,19,$2.25,Romanian,21.30%,2.98,19356544.00,54.70%,14.60%,20.00%,3.98%,"10,468,793",45.943161,24.96676,12919.53,Europe
Russia,9,RU,13.30%,17098240,1454000.00,11.5,7,Moscow,"1,732,027",180.75,4.50%,RUB,1.57,49.80%,$0.59,1699876578871.00,102.60%,81.90%,6.1,Moscow,72.7,17,$0.53,Russian,36.40%,4.01,144373535.00,61.80%,11.40%,46.20%,4.59%,"107,683,889",61.52401,105.318756,11774.16,Europe
Saudi Arabia,16,SA,80.80%,2149690,252000.00,17.8,966,Riyadh,"563,449",118.4,-1.20%,SAR,2.32,0.50%,$0.24,792966838162.00,99.80%,68.00%,6,Riyadh,75,17,$3.85,Arabic,15.00%,2.61,34268528.00,55.90%,8.90%,15.70%,5.93%,"28,807,838",23.885942,45.079162,23139.80,Asia
Senegal,87,SN,46.10%,196722,19000.00,34.52,221,Dakar,"10,902",109.25,1.80%,XOF,4.63,42.80%,$1.14,23578084052.00,81.00%,12.80%,31.8,Pikine,67.7,315,$0.31,French,44.20%,0.07,16296364.00,45.70%,16.30%,44.80%,6.60%,"7,765,706",14.497401,-14.452362,1446.83,Africa
Serbia,100,RS,39.30%,77474,32000.00,9.2,381,Belgrade,"45,221",144,1.80%,RSD,1.49,31.10%,$1.16,51409167351.00,100.30%,67.20%,4.8,Belgrade,75.5,12,$1.57,Serbian,40.60%,3.11,6944975.00,54.90%,18.60%,36.60%,12.69%,"3,907,243",44.016521,21.005859,7402.35,Europe
Sierra Leone,111,SL,54.70%,71740,9000.00,33.41,232,Freetown,"1,093",234.16,14.80%,SLL,4.26,43.10%,$1.08,3941474311.00,112.80%,2.00%,78.5,Freetown,54.3,1120,$0.57,English,38.20%,0.03,7813215.00,57.90%,8.60%,30.70%,4.43%,"3,319,366",8.460555,-11.779889,504.46,Africa
Slovakia,114,SK,39.20%,49035,16000.00,10.6,421,Bratislava,"32,424",115.34,2.70%,EUR,1.52,40.40%,$1.32,105422304976.00,98.70%,46.60%,4.6,Bratislava,77.2,5,$3.11,Slovak,18.40%,3.42,5454073.00,59.50%,18.70%,49.70%,5.56%,"2,930,419",48.669026,19.699024,19329.10,Europe
Slovenia,103,SI,30.70%,20273,7000.00,9.4,386,Ljubljana,"12,633",111.05,1.60%,EUR,1.6,62.00%,$1.32,53742159517.00,100.40%,78.60%,1.7,Ljubljana,81,7,$5.25,Slovene language,12.50%,3.09,2087946.00,58.40%,18.60%,31.00%,4.20%,"1,144,654",46.151241,14.995463,25739.25,Europe
South Korea,527,KR,17.40%,99720,634000.00,6.4,82,Seoul,"620,302",115.16,0.40%,KRW,0.98,63.40%,$1.22,2029000000000.00,98.10%,94.30%,2.7,Seoul,82.6,11,$6.49,Korean,36.80%,2.36,51709098.00,63.00%,15.60%,33.20%,4.15%,"42,106,719",35.907757,127.766922,39238.74,Asia
Spain,94,ES,52.60%,505370,196000.00,7.9,34,Madrid,"244,002",110.96,0.70%,EUR,1.26,36.90%,$1.26,1394116310769.00,102.70%,88.90%,2.5,Madrid,83.3,4,$5.60,Spanish,24.20%,3.87,47076781.00,57.50%,14.20%,47.00%,13.96%,"37,927,409",40.463667,-3.74922,29613.67,Europe
Sri Lanka,341,LK,43.70%,65610,317000.00,15.83,94,Colombo,"23,362",155.53,3.50%,LKR,2.2,32.90%,$0.88,84008783756.00,100.20%,19.60%,6.4,Colombo,76.8,36,$0.35,Tamil,38.40%,1,21803000.00,53.90%,11.90%,55.20%,4.20%,"4,052,088",7.873054,80.771797,3853.08,Asia
Sudan,25,SD,28.70%,1861484,124000.00,32.18,249,Khartoum,"20,000","1,344.19",51.00%,SDG,4.41,8.10%,$0.95,18902284476.00,76.80%,16.90%,42.1,Omdurman,65.1,295,$0.41,Arabic,63.20%,0.26,42813238.00,48.40%,8.00%,45.40%,16.53%,"14,957,233",12.862807,30.217636,441.51,Africa
Syria,95,SY,75.80%,185180,239000.00,23.69,963,Damascus,"28,830",143.2,36.70%,SYP,2.81,2.70%,$0.83,40405006007.00,81.70%,40.10%,14,Damascus,71.8,31,$1.02,Arabic,53.70%,1.22,17070135.00,44.10%,14.20%,42.70%,8.37%,"9,358,019",34.802075,38.996815,2367.00,Asia
Tajikistan,68,TJ,34.10%,144100,17000.00,30.76,992,Dushanbe,"5,310",148.57,6.00%,TJS,3.59,3.00%,$0.71,8116626794.00,100.90%,31.30%,30.4,Dushanbe,70.9,17,$0.23,Persian,63.10%,1.7,9321018.00,42.00%,9.80%,67.30%,11.02%,"2,545,477",38.861034,71.276093,870.79,Asia
Tanzania,67,TZ,44.80%,947300,28000.00,36.7,255,Dodoma,"11,973",187.43,3.50%,TZS,4.89,51.60%,$0.87,63177068175.00,94.20%,4.00%,37.6,Dar es Salaam,65,524,$0.09,Swahili,26.10%,0.01,58005463.00,83.40%,11.50%,43.80%,1.98%,"20,011,885",-6.369028,34.888822,1089.16,Africa
Thailand,137,TH,43.30%,513120,455000.00,10.34,66,Bangkok,"283,763",113.27,0.70%,THB,1.53,32.20%,$0.71,543649976166.00,99.80%,49.30%,7.8,Bangkok,76.9,37,$1.06,Thai,11.80%,0.81,69625582.00,67.30%,14.90%,29.50%,0.75%,"35,294,600",15.870032,100.992541,7808.19,Asia
East Timor,89,TL,25.60%,14874,2000.00,29.42,670,Dili,495,145.38,2.60%,USD,4.02,45.40%,$1.10,1673540300.00,115.30%,17.80%,39.3,Dili,69.3,142,$0.60,Portuguese,10.20%,0.72,3500000.00,67.30%,25.00%,17.30%,4.55%,"400,182",-8.874217,125.727539,478.15,Asia
Togo,152,TG,70.20%,56785,10000.00,33.11,228,Lom�,"3,000",113.3,0.70%,XOF,4.32,3.10%,$0.71,5459979417.00,123.80%,14.50%,47.4,Lom�,60.8,396,$0.34,French,51.00%,0.08,8082366.00,77.60%,16.90%,48.20%,2.04%,"3,414,638",8.619543,0.824782,675.54,Africa
Trinidad and Tobago,273,TT,10.50%,5128,4000.00,12.94,1,Port of Spain,"43,868",141.75,1.00%,TTD,1.73,46.00%,$0.54,24100202834.00,106.20%,12.00%,16.4,Chaguanas,73.4,67,$2.25,English,37.30%,4.17,1394973.00,60.00%,19.50%,40.50%,2.69%,"741,944",10.691803,-61.222503,17276.47,North America
Tunisia,76,TN,64.80%,163610,48000.00,17.56,216,Tunis,"29,937",155.33,6.70%,TND,2.2,6.80%,$0.73,38797709924.00,115.40%,31.70%,14.6,Tunis,76.5,43,$0.47,Arabic,39.80%,1.3,11694719.00,46.10%,21.10%,60.70%,16.02%,"8,099,061",33.886917,9.537499,3317.54,Africa
Turkey,110,TR,49.80%,783562,512000.00,16.03,90,Ankara,"372,725",234.44,15.20%,TRY,2.07,15.40%,$1.42,754411708203.00,93.20%,23.90%,9.1,Istanbul,77.4,17,$3.45,Turkish,16.90%,1.85,83429615.00,52.80%,17.90%,42.30%,13.49%,"63,097,818",38.963745,35.243322,9042.49,Asia
Uganda,229,UG,71.90%,241038,46000.00,38.14,256,Kampala,"5,680",173.87,2.90%,UGX,4.96,9.70%,$0.94,34387229486.00,102.70%,4.80%,33.8,Buganda,63,375,$0.01,Swahili,40.50%,0.17,44269594.00,70.30%,11.70%,33.70%,1.84%,"10,784,516",1.373333,32.290275,776.77,Africa
Ukraine,75,UA,71.70%,603550,297000.00,8.7,380,Kyiv,"202,250",281.66,7.90%,UAH,1.3,16.70%,$0.83,153781069118.00,99.00%,82.70%,7.5,Kyiv,71.6,19,$0.84,Ukrainian,47.80%,2.99,44385155.00,54.20%,20.10%,45.20%,8.88%,"30,835,699",48.379433,31.16558,3464.70,Europe
United Kingdom,281,GB,71.70%,243610,148000.00,11,44,London,"379,025",119.62,1.70%,GBP,1.68,13.10%,$1.46,2827113184696.00,101.20%,60.00%,3.6,London,81.3,7,$10.13,English,14.80%,2.81,66834405.00,62.80%,25.50%,30.60%,3.85%,"55,908,316",55.378051,-3.435973,42300.27,Europe
United States,36,US,44.40%,9833517,1359000.00,11.6,1,"Washington, D.C.","5,006,302",117.24,7.50%,USD,1.73,33.90%,$0.71,21427700000000.00,101.80%,88.20%,5.6,New York City,78.5,19,$7.25,None,11.10%,2.61,328239523.00,62.00%,9.60%,36.60%,14.70%,"270,663,028",37.09024,-95.712891,65280.68,North America
Uruguay,20,UY,82.60%,176215,22000.00,13.86,598,Montevideo,"6,766",202.92,7.90%,UYU,1.97,10.70%,$1.50,56045912952.00,108.50%,63.10%,6.4,Montevideo,77.8,17,$1.66,Spanish,16.20%,5.05,3461734.00,64.00%,20.10%,41.80%,8.73%,"3,303,394",-32.522779,-55.765835,16190.13,South America
Vietnam,314,VN,39.30%,331210,522000.00,16.75,84,Hanoi,"192,668",163.52,2.80%,VND,2.05,48.10%,$0.80,261921244843.00,110.60%,28.50%,16.5,Ho Chi Minh City,75.3,43,$0.73,Vietnamese,43.50%,0.82,96462106.00,77.40%,19.10%,37.60%,2.01%,"35,332,140",14.058324,108.277199,2715.28,Asia
Zambia,25,ZM,32.10%,752618,16000.00,36.19,260,Lusaka,"5,141",212.31,9.20%,ZMW,4.63,65.20%,$1.40,23064722446.00,98.70%,4.10%,40.4,Lusaka,63.5,213,$0.24,English,27.50%,1.19,17861030.00,74.60%,16.20%,15.60%,11.43%,"7,871,713",-13.133897,27.849332,1291.34,Africa
